{
    "entpGfnm": {
        "userEmail": "iasm$*xmoe$fk",
        "browserData": {
            "userAgent": "Mozilla/5.0 (X11; Linux x86_64) AppleWebKit/537.36 (KHTML, like Gecko) Chrome/108.0.0.0 Safari/537.36",
            "currentTime": 1673363123.3662078
        },
        "versionReg": "2023.1b"
    }
} {
    "is99zVbs": {
        "userEmail": "iasm$*ygxe$fc",
        "browserData": {
            "userAgent": "Mozilla/5.0 (X11; Linux x86_64) AppleWebKit/537.36 (KHTML, like Gecko) Chrome/108.0.0.0 Safari/537.36",
            "currentTime": 1673363238.7657099
        },
        "versionReg": "2023.1b"
    }
}{"is99zVbs": {"userEmail": "iasm$*ygxe$fc", "browserData": {"userAgent": "Mozilla/5.0 (Linux; Android 6.0; Nexus 5 Build/MRA58N) AppleWebKit/537.36 (KHTML, like Gecko) Chrome/108.0.0.0 Mobile Safari/537.36", "currentTime": 1673363533.3715775}, "versionReg": "2023.1b"}}{"is99zVbs": {"userEmail": "iasm$*ygxe$fc", "browserData": {"userAgent": "Mozilla/5.0 (Linux; Android 11; Pixel 5) AppleWebKit/537.36 (KHTML, like Gecko) Chrome/90.0.4430.91 Mobile Safari/537.36", "currentTime": 1673363611.2310154}, "versionReg": "2023.1b"}}{"is99zVbs": {"userEmail": "iasm$*ygxe$fc", "browserData": {"userAgent": "Mozilla/5.0 (Linux; Android 11; Pixel 5) AppleWebKit/537.36 (KHTML, like Gecko) Chrome/90.0.4430.91 Mobile Safari/537.36", "currentTime": 1673363611.8442314}, "versionReg": "2023.1b"}}{"is99zVbs": {"userEmail": "iasm$*ygxe$fc", "browserData": {"userAgent": "Mozilla/5.0 (iPhone; CPU iPhone OS 13_2_3 like Mac OS X) AppleWebKit/605.1.15 (KHTML, like Gecko) Version/13.0.3 Mobile/15E148 Safari/604.1", "currentTime": 1673363624.0097764}, "versionReg": "2023.1b"}}{"is99zVbs": {"userEmail": "iasm$*ygxe$fc", "browserData": {"userAgent": "Mozilla/5.0 (iPhone; CPU iPhone OS 13_2_3 like Mac OS X) AppleWebKit/605.1.15 (KHTML, like Gecko) Version/13.0.3 Mobile/15E148 Safari/604.1", "currentTime": 1673363629.8373265}, "versionReg": "2023.1b"}}{"is99zVbs": {"userEmail": "iasm$*ygxe$fc", "browserData": {"userAgent": "Mozilla/5.0 (iPhone; CPU iPhone OS 13_2_3 like Mac OS X) AppleWebKit/605.1.15 (KHTML, like Gecko) Version/13.0.3 Mobile/15E148 Safari/604.1", "currentTime": 1673363658.535061}, "versionReg": "2023.1b"}}{"is99zVbs": {"userEmail": "iasm$*ygxe$fc", "browserData": {"userAgent": "Mozilla/5.0 (iPhone; CPU iPhone OS 13_2_3 like Mac OS X) AppleWebKit/605.1.15 (KHTML, like Gecko) Version/13.0.3 Mobile/15E148 Safari/604.1", "currentTime": 1673363685.3257012}, "versionReg": "2023.1b"}}{"is99zVbs": {"userEmail": "iasm$*ygxe$fc", "browserData": {"userAgent": "Mozilla/5.0 (iPhone; CPU iPhone OS 13_2_3 like Mac OS X) AppleWebKit/605.1.15 (KHTML, like Gecko) Version/13.0.3 Mobile/15E148 Safari/604.1", "currentTime": 1673363686.0308013}, "versionReg": "2023.1b"}}{"is99zVbs": {"userEmail": "iasm$*ygxe$fc", "browserData": {"userAgent": "Mozilla/5.0 (iPhone; CPU iPhone OS 13_2_3 like Mac OS X) AppleWebKit/605.1.15 (KHTML, like Gecko) Version/13.0.3 Mobile/15E148 Safari/604.1", "currentTime": 1673363721.4048047}, "versionReg": "2023.1b"}}{"is99zVbs": {"userEmail": "iasm$*ygxe$fc", "browserData": {"userAgent": "Mozilla/5.0 (Linux; Android 6.0; Nexus 5 Build/MRA58N) AppleWebKit/537.36 (KHTML, like Gecko) Chrome/108.0.0.0 Mobile Safari/537.36", "currentTime": 1673363759.6472914}, "versionReg": "2023.1b"}}{"is99zVbs": {"userEmail": "iasm$*ygxe$fc", "browserData": {"userAgent": "Mozilla/5.0 (Linux; Android 6.0; Nexus 5 Build/MRA58N) AppleWebKit/537.36 (KHTML, like Gecko) Chrome/108.0.0.0 Mobile Safari/537.36", "currentTime": 1673363760.4281008}, "versionReg": "2023.1b"}}